1.01 POSITION,1.02 DURATION,1.03 SCORE,1.04 ENDING SHOT MARKER ID,1.1 WHO WON THE POINT,1.11 WHO LOST THE POINT,1.2 RALLY OUTCOME,1.2.1 RALLY OUTCOME DETAILED,1.3 RALLY LENGTH,1.3.1 RALLY LENGTH DETAILED,1.4 GAME SCORE CONDITIONS,1.5 SET SCORE CONDITIONS,2.1 ENDING SHOT. SHOT TYPE,2.2 ENDING SHOT. SHOT CATEGORY,2.3 ENDING SHOT. SHOT DIRECTION,2.4 ENDING SHOT. HITTING POINT,2.5 ENDING SHOT. DEPTH,3.1 SERVER,3.2 SERVE ORDER,3.3 SERVE DIRECTION,4.1 RETURN. SHOT TYPE,4.1 RETURNER,4.2 RETURN. SHOT CATEGORY,4.3 RETURN. SHOT DIRECTION,4.4 RETURN. HITTING POINT,4.5 RETURN. DEPTH,5.1 SERVE + 1 SHOT. SHOT TYPE,5.2 SERVE + 1 SHOT. SHOT CATEGORY,5.3 SERVE + 1 SHOT. SHOT DIRECTION,5.4 SERVE + 1 SHOT. HITTING POINT,5.5 SERVE + 1 SHOT. DEPTH,6.1 CHEAP POINT,7.1 DISPUTABLE POINT
22,11,Set 1; 0:0; *0:0,5006,Brandon Vu,Leo Rocca,Unforced Error,Unforced Error,5-8 shots,6,Non-stress point,Beginning: 1-4 game,Ending shot. Backhand,Ending shot. Volley,,Ending shot. Net Area,Ending shot. Short,Brandon Vu,1st serve,Deuce court (Body),Return. Forehand,Leo Rocca,Return. Topspin/Flat,Center,Return. Neutral aggressive,Return. Deep,Serve + 1 shot. Forehand,Serve + 1 shot. Topspin/Flat,Center,Serve + 1 shot. Neutral Aggressive,Serve + 1 shot. Short,Not a Cheap point,
45,10,Set 1; 0:0; *15:0,5012,Brandon Vu,Leo Rocca,Winner/Provoked Point,Winner,5-8 shots,5,Non-stress point,Beginning: 1-4 game,Ending shot. Forehand,Ending shot. Volley,,Ending shot. Net Area,Ending shot. Short,Brandon Vu,1st serve,Ad court (T),Return. Backhand,Leo Rocca,Return. Topspin/Flat,Cross,Return. Neutral basic,Return. Short,Serve + 1 shot. Forehand,Serve + 1 shot. Approach Shot,Inside in,Serve + 1 shot. Half court zone,Serve + 1 shot. Middle,Cheap Point on serve,
74,7,Set 1; 0:0; *30:0,5016,Leo Rocca,Brandon Vu,Unforced Error,Unforced Error,3-4 shots,3,Non-stress point,Beginning: 1-4 game,Ending shot. Forehand,Ending shot. Topspin/Flat,Cross,Ending shot. Neutral Aggressive,Ending shot. Short,Brandon Vu,1st serve,Deuce court (Body),Return. Forehand,Leo Rocca,Return. Topspin/Flat,Down the line,Return. Neutral aggressive,Return. Deep,Serve + 1 shot. Forehand,Serve + 1 shot. Topspin/Flat,Cross,Serve + 1 shot. Neutral Aggressive,Serve + 1 shot. Short,Not a Cheap point,
97,19,Set 1; 0:0; *30:15,5027,Leo Rocca,Brandon Vu,Winner/Provoked Point,Winner,9+ shots,10,Non-stress point,Beginning: 1-4 game,Ending shot. Forehand,Ending shot. Volley Smash,,Ending shot. Net Area,Ending shot. Short,Brandon Vu,1st serve,Ad court (Wide),Return. Forehand,Leo Rocca,Return. Topspin/Flat,Cross,Return. Half court zone,Return. Deep,Serve + 1 shot. Forehand,Serve + 1 shot. Topspin/Flat,Inside center,Serve + 1 shot. Neutral Aggressive,Serve + 1 shot. Middle,Not a Cheap point,
130,5,Set 1; 0:0; *30:30,5029,Brandon Vu,Leo Rocca,Winner/Provoked Point,Provoked Point,1-2 shots,2,30:30 and 40:40,Beginning: 1-4 game,Ending shot. Serve,,,,,Brandon Vu,1st serve,Deuce court (Wide),Return. Backhand,Leo Rocca,Return. Slice,Down the line,Return. Neutral aggressive,Return. Short,,,,,,Cheap Point on serve,
159,6,Set 1; 0:0; *40:30,5033,Leo Rocca,Brandon Vu,Winner/Provoked Point,Winner,1-2 shots,2,Non-stress point,Beginning: 1-4 game,Ending shot. Return,Ending shot. Approach Shot,Cross,Ending shot. Neutral Aggressive,Ending shot. Short,Brandon Vu,2nd serve,Ad court (Body),Return. Forehand,Leo Rocca,Return. Approach Shot,Cross,Return. Neutral aggressive,Return. Short,,,,,,Cheap Point on return,
188,5,Set 1; 0:0; *40:40,5036,Brandon Vu,Leo Rocca,Unforced Error,Unforced Error,1-2 shots,2,30:30 and 40:40,Beginning: 1-4 game,Ending shot. Return,Ending shot. Topspin/Flat,Cross,Ending shot. Neutral Aggressive,Ending shot. Short,Brandon Vu,2nd serve,Ad court (Body),Return. Forehand,Leo Rocca,Return. Topspin/Flat,Cross,Return. Neutral aggressive,Return. Short,,,,,,Not a Cheap point,
248,18,Set 1; 1:0; 0:0*,5046,Leo Rocca,Brandon Vu,Unforced Error,Unforced Error,9+ shots,10,Non-stress point,Beginning: 1-4 game,Ending shot. Backhand,Ending shot. Slice,Cross,Ending shot. Neutral Defensive,Ending shot. Deep,Leo Rocca,1st serve,Deuce court (T),Return. Forehand,Brandon Vu,Return. Topspin/Flat,Cross,Return. Neutral aggressive,Return. Deep,Serve + 1 shot. Backhand,Serve + 1 shot. Topspin/Flat,Center,Serve + 1 shot. Neutral Aggressive,Serve + 1 shot. Middle,Not a Cheap point,
282,8,Set 1; 1:0; 0:15*,5050,Leo Rocca,Brandon Vu,Winner/Provoked Point,Provoked Point,3-4 shots,4,Non-stress point,Beginning: 1-4 game,Ending shot. Backhand,Ending shot. Approach Shot,Center,Ending shot. Half court zone,Ending shot. Middle,Leo Rocca,1st serve,Ad court (Wide),Return. Forehand,Brandon Vu,Return. Topspin/Flat,Center,Return. Neutral aggressive,Return. Middle,Serve + 1 shot. Backhand,Serve + 1 shot. Approach Shot,Center,Serve + 1 shot. Half court zone,Serve + 1 shot. Middle,Cheap Point on serve,
331,5,Set 1; 1:0; 0:30*,5055,Leo Rocca,Brandon Vu,Unforced Error,Unforced Error,1-2 shots,2,Non-stress point,Beginning: 1-4 game,Ending shot. Return,Ending shot. Topspin/Flat,Down the line,Ending shot. Neutral Aggressive,Ending shot. Short,Leo Rocca,2nd serve,Deuce court (Wide),Return. Backhand,Brandon Vu,Return. Topspin/Flat,Down the line,Return. Neutral aggressive,Return. Short,,,,,,Not a Cheap point,
354,5,Set 1; 1:0; 0:40*,5056,Leo Rocca,Brandon Vu,Winner/Provoked Point,Winner,1-2 shots,1,Non-stress point,Beginning: 1-4 game,Ending shot. Serve,,,,,Leo Rocca,1st serve,Ad court (Wide),,Brandon Vu,,,,,,,,,,Ace/Serve-winner,
378,8,Set 1; 1:1; *0:0,5060,Brandon Vu,Leo Rocca,Unforced Error,Unforced Error,3-4 shots,4,Non-stress point,Beginning: 1-4 game,Ending shot. Backhand,Ending shot. Topspin/Flat,Cross,Ending shot. Neutral Aggressive,Ending shot. Deep,Brandon Vu,1st serve,Deuce court (Body),Return. Backhand,Leo Rocca,Return. Topspin/Flat,Center,Return. Neutral aggressive,Return. Middle,Serve + 1 shot. Forehand,Serve + 1 shot. Topspin/Flat,Cross,Serve + 1 shot. Neutral Aggressive,Serve + 1 shot. Short,Not a Cheap point,
397,13,Set 1; 1:1; *15:0,5068,Brandon Vu,Leo Rocca,Winner/Provoked Point,Winner,5-8 shots,7,Non-stress point,Beginning: 1-4 game,Ending shot. Forehand,Ending shot. Volley,,Ending shot. Net Area,Ending shot. Short,Brandon Vu,1st serve,Ad court (T),Return. Backhand,Leo Rocca,Return. Topspin/Flat,Center,Return. Neutral aggressive,Return. Short,Serve + 1 shot. Forehand,Serve + 1 shot. Approach Shot,Cross,Serve + 1 shot. Half court zone,Serve + 1 shot. Deep,Not a Cheap point,
429,6,Set 1; 1:1; *30:0,5071,Brandon Vu,Leo Rocca,Unforced Error,Unforced Error,1-2 shots,2,Non-stress point,Beginning: 1-4 game,Ending shot. Return,Ending shot. Topspin/Flat,Down the line,Ending shot. Neutral Aggressive,Ending shot. Short,Brandon Vu,1st serve,Deuce court (Wide),Return. Backhand,Leo Rocca,Return. Topspin/Flat,Down the line,Return. Neutral aggressive,Return. Short,,,,,,Not a Cheap point,
458,6,Set 1; 1:1; *40:0,5074,Brandon Vu,Leo Rocca,Unforced Error,Unforced Error,1-2 shots,2,Non-stress point,Beginning: 1-4 game,Ending shot. Return,Ending shot. Topspin/Flat,Cross,Ending shot. Neutral Aggressive,Ending shot. Short,Brandon Vu,2nd serve,Ad court (T),Return. Forehand,Leo Rocca,Return. Topspin/Flat,Cross,Return. Neutral aggressive,Return. Short,,,,,,Not a Cheap point,
547,19,Set 1; 2:1; 0:0*,5086,Brandon Vu,Leo Rocca,Winner/Provoked Point,Winner,9+ shots,12,Non-stress point,Beginning: 1-4 game,Ending shot. Forehand,Ending shot. Volley,,Ending shot. Net Area,Ending shot. Short,Leo Rocca,1st serve,Deuce court (Wide),Return. Backhand,Brandon Vu,Return. Slice,Cross,Return. Neutral aggressive,Return. Middle,Serve + 1 shot. Backhand,Serve + 1 shot. Topspin/Flat,Cross,Serve + 1 shot. Neutral Aggressive,Serve + 1 shot. Deep,Not a Cheap point,
585,14,Set 1; 2:1; 15:0*,5095,Leo Rocca,Brandon Vu,Unforced Error,Unforced Error,5-8 shots,8,Non-stress point,Beginning: 1-4 game,Ending shot. Backhand,Ending shot. Topspin/Flat,Cross,Ending shot. Neutral Aggressive,Ending shot. Deep,Leo Rocca,1st serve,Ad court (Wide),Return. Forehand,Brandon Vu,Return. Topspin/Flat,Cross,Return. Neutral basic,Return. Short,Serve + 1 shot. Forehand,Serve + 1 shot. Topspin/Flat,Center,Serve + 1 shot. Half court zone,Serve + 1 shot. Middle,Not a Cheap point,
628,14,Set 1; 2:1; 15:15*,5105,Leo Rocca,Brandon Vu,Unforced Error,Unforced Error,5-8 shots,8,Non-stress point,Beginning: 1-4 game,Ending shot. Forehand,Ending shot. Topspin/Flat,Down the line,Ending shot. Neutral Aggressive,Ending shot. Short,Leo Rocca,2nd serve,Deuce court (Body),Return. Forehand,Brandon Vu,Return. Topspin/Flat,Center,Return. Neutral aggressive,Return. Middle,Serve + 1 shot. Forehand,Serve + 1 shot. Topspin/Flat,Inside in,Serve + 1 shot. Neutral Aggressive,Serve + 1 shot. Deep,Not a Cheap point,
678,12,Set 1; 2:1; 15:30*,5112,Brandon Vu,Leo Rocca,Unforced Error,Unforced Error,5-8 shots,5,Non-stress point,Beginning: 1-4 game,Ending shot. Forehand,Ending shot. Topspin/Flat,Inside in,Ending shot. Neutral Aggressive,Ending shot. Deep,Leo Rocca,2nd serve,Ad court (T),Return. Backhand,Brandon Vu,Return. Slice,Center,Return. Neutral aggressive,Return. Short,Serve + 1 shot. Forehand,Serve + 1 shot. Topspin/Flat,Inside out,Serve + 1 shot. Neutral Aggressive,Serve + 1 shot. Middle,Not a Cheap point,
724,5,Set 1; 2:1; 30:30*,5116,Leo Rocca,Brandon Vu,Unforced Error,Unforced Error,1-2 shots,2,30:30 and 40:40,Beginning: 1-4 game,Ending shot. Return,Ending shot. Topspin/Flat,Down the line,Ending shot. Neutral Aggressive,Ending shot. Short,Leo Rocca,2nd serve,Deuce court (Wide),Return. Backhand,Brandon Vu,Return. Topspin/Flat,Down the line,Return. Neutral aggressive,Return. Short,,,,,,Not a Cheap point,
767,5,Set 1; 2:1; 30:40*,5118,Brandon Vu,Leo Rocca,Unforced Error,Unforced Error,1-2 shots,1,Non-stress point,Beginning: 1-4 game,Ending shot. Serve,,,,,Leo Rocca,2nd serve,Ad court (T),,Brandon Vu,,,,,,,,,,Not a Cheap point,
787,5,Set 1; 2:1; 40:40*,5120,Leo Rocca,Brandon Vu,Unforced Error,Unforced Error,1-2 shots,2,30:30 and 40:40,Beginning: 1-4 game,Ending shot. Return,Ending shot. Slice,Center,Ending shot. Neutral Aggressive,Ending shot. Deep,Leo Rocca,1st serve,Ad court (T),Return. Backhand,Brandon Vu,Return. Slice,Center,Return. Neutral aggressive,Return. Deep,,,,,,Not a Cheap point,
808,9,Set 1; 2:2; *0:0,5125,Leo Rocca,Brandon Vu,Unforced Error,Unforced Error,5-8 shots,5,Non-stress point,Beginning: 1-4 game,Ending shot. Forehand,Ending shot. Volley,,Ending shot. Net Area,Ending shot. Middle,Brandon Vu,1st serve,Deuce court (Wide),Return. Backhand,Leo Rocca,Return. Topspin/Flat,Down the line,Return. Neutral basic,Return. Middle,Serve + 1 shot. Forehand,Serve + 1 shot. Volley,,Serve + 1 shot. Net Area,Serve + 1 shot. Short,Not a Cheap point,
833,13,Set 1; 2:2; *0:15,5133,Brandon Vu,Leo Rocca,Winner/Provoked Point,Winner,5-8 shots,7,Non-stress point,Beginning: 1-4 game,Ending shot. Backhand,Ending shot. Drop Shot,,Ending shot. Half court zone,Ending shot. Short,Brandon Vu,1st serve,Ad court (T),Return. Backhand,Leo Rocca,Return. Topspin/Flat,Center,Return. Neutral aggressive,Return. Deep,Serve + 1 shot. Backhand,Serve + 1 shot. Slice,Down the line,Serve + 1 shot. Neutral Aggressive,Serve + 1 shot. Short,Not a Cheap point,
863,7,Set 1; 2:2; *15:15,5137,Leo Rocca,Brandon Vu,Unforced Error,Unforced Error,3-4 shots,3,Non-stress point,Beginning: 1-4 game,Ending shot. Forehand,Ending shot. Topspin/Flat,Cross,Ending shot. Neutral Aggressive,Ending shot. Short,Brandon Vu,1st serve,Deuce court (Wide),Return. Backhand,Leo Rocca,Return. Topspin/Flat,Center,Return. Neutral aggressive,Return. Deep,Serve + 1 shot. Forehand,Serve + 1 shot. Topspin/Flat,Cross,Serve + 1 shot. Neutral Aggressive,Serve + 1 shot. Short,Not a Cheap point,
887,5,Set 1; 2:2; *15:30,5139,Brandon Vu,Leo Rocca,Winner/Provoked Point,Winner,1-2 shots,1,15:30 and 0:30,Beginning: 1-4 game,Ending shot. Serve,,,,,Brandon Vu,1st serve,Ad court (Wide),,Leo Rocca,,,,,,,,,,Ace/Serve-winner,
918,8,Set 1; 2:2; *30:30,5144,Brandon Vu,Leo Rocca,Unforced Error,Unforced Error,3-4 shots,4,30:30 and 40:40,Beginning: 1-4 game,Ending shot. Forehand,Ending shot. Topspin/Flat,Down the line,Ending shot. Half court zone,Ending shot. Deep,Brandon Vu,2nd serve,Deuce court (Wide),Return. Backhand,Leo Rocca,Return. Topspin/Flat,Center,Return. Neutral aggressive,Return. Deep,Serve + 1 shot. Backhand,Serve + 1 shot. Slice,Cross,Serve + 1 shot. Neutral Aggressive,Serve + 1 shot. Short,Not a Cheap point,
940,9,Set 1; 2:2; *40:30,5150,Leo Rocca,Brandon Vu,Unforced Error,Unforced Error,5-8 shots,5,Non-stress point,Beginning: 1-4 game,Ending shot. Forehand,Ending shot. Volley,,Ending shot. Net Area,Ending shot. Short,Brandon Vu,1st serve,Ad court (T),Return. Backhand,Leo Rocca,Return. Topspin/Flat,Center,Return. Neutral aggressive,Return. Middle,Serve + 1 shot. Backhand,Serve + 1 shot. Volley,,Serve + 1 shot. Net Area,Serve + 1 shot. Middle,Not a Cheap point,
965,16,Set 1; 2:2; *40:40,5159,Leo Rocca,Brandon Vu,Winner/Provoked Point,Provoked Point,9+ shots,9,30:30 and 40:40,Beginning: 1-4 game,Ending shot. Forehand,Ending shot. Approach Shot,Cross,Ending shot. Half court zone,Ending shot. Deep,Brandon Vu,1st serve,Ad court (Body),Return. Forehand,Leo Rocca,Return. Topspin/Flat,Cross,Return. Neutral aggressive,Return. Middle,Serve + 1 shot. Forehand,Serve + 1 shot. Topspin/Flat,Inside center,Serve + 1 shot. Neutral Aggressive,Serve + 1 shot. Middle,Not a Cheap point,
1074,9,Set 1; 2:3; 0:0*,5166,Leo Rocca,Brandon Vu,Unforced Error,Unforced Error,3-4 shots,4,Non-stress point,Middle: 5-8 game,Ending shot. Backhand,Ending shot. Slice,Cross,Ending shot. Neutral Aggressive,Ending shot. Deep,Leo Rocca,2nd serve,Deuce court (Wide),Return. Backhand,Brandon Vu,Return. Topspin/Flat,Cross,Return. Half court zone,Return. Deep,Serve + 1 shot. Backhand,Serve + 1 shot. Topspin/Flat,Cross,Serve + 1 shot. Neutral Aggressive,Serve + 1 shot. Short,Not a Cheap point,
1095,13,Set 1; 2:3; 0:15*,5172,Leo Rocca,Brandon Vu,Winner/Provoked Point,Provoked Point,5-8 shots,6,Non-stress point,Middle: 5-8 game,Ending shot. Backhand,Ending shot. Lob,,Ending shot. Neutral Aggressive,Ending shot. Deep,Leo Rocca,1st serve,Ad court (Wide),Return. Forehand,Brandon Vu,Return. Topspin/Flat,Down the line,Return. Neutral aggressive,Return. Deep,Serve + 1 shot. Backhand,Serve + 1 shot. Topspin/Flat,Center,Serve + 1 shot. Neutral Aggressive,Serve + 1 shot. Middle,Cheap Point on serve,
1135,15,Set 1; 2:3; 0:30*,5183,Brandon Vu,Leo Rocca,Unforced Error,Unforced Error,9+ shots,9,Non-stress point,Middle: 5-8 game,Ending shot. Backhand,Ending shot. Approach Shot,Center,Ending shot. Neutral Aggressive,Ending shot. Short,Leo Rocca,1st serve,Deuce court (Body),Return. Forehand,Brandon Vu,Return. Topspin/Flat,Center,Return. Neutral aggressive,Return. Deep,Serve + 1 shot. Forehand,Serve + 1 shot. Topspin/Flat,Inside center,Serve + 1 shot. Neutral Aggressive,Serve + 1 shot. Short,Not a Cheap point,
1171,6,Set 1; 2:3; 15:30*,5187,Brandon Vu,Leo Rocca,Unforced Error,Unforced Error,3-4 shots,3,Non-stress point,Middle: 5-8 game,Ending shot. Forehand,Ending shot. Volley,,Ending shot. Net Area,Ending shot. Short,Leo Rocca,1st serve,Ad court (Body),Return. Forehand,Brandon Vu,Return. Passing Shot,Cross,Return. Neutral basic,Return. Middle,Serve + 1 shot. Forehand,Serve + 1 shot. Volley,,Serve + 1 shot. Net Area,Serve + 1 shot. Short,Not a Cheap point,
1200,7,Set 1; 2:3; 30:30*,5191,Leo Rocca,Brandon Vu,Winner/Provoked Point,Winner,3-4 shots,3,30:30 and 40:40,Middle: 5-8 game,Ending shot. Forehand,Ending shot. Approach Shot,Cross,Ending shot. Half court zone,Ending shot. Middle,Leo Rocca,1st serve,Deuce court (Wide),Return. Backhand,Brandon Vu,Return. Slice,Down the line,Return. Neutral aggressive,Return. Short,Serve + 1 shot. Forehand,Serve + 1 shot. Approach Shot,Cross,Serve + 1 shot. Half court zone,Serve + 1 shot. Middle,Cheap Point on serve,
1227,8,Set 1; 2:3; 30:40*,5195,Brandon Vu,Leo Rocca,Unforced Error,Unforced Error,3-4 shots,3,Non-stress point,Middle: 5-8 game,Ending shot. Backhand,Ending shot. Topspin/Flat,Cross,Ending shot. Neutral Aggressive,Ending shot. Short,Leo Rocca,1st serve,Ad court (T),Return. Backhand,Brandon Vu,Return. Topspin/Flat,Down the line,Return. Neutral aggressive,Return. Deep,Serve + 1 shot. Backhand,Serve + 1 shot. Topspin/Flat,Cross,Serve + 1 shot. Neutral Aggressive,Serve + 1 shot. Short,Not a Cheap point,
1252,11,Set 1; 2:3; 40:40*,5201,Brandon Vu,Leo Rocca,Unforced Error,Unforced Error,5-8 shots,5,30:30 and 40:40,Middle: 5-8 game,Ending shot. Backhand,Ending shot. Slice,Cross,Ending shot. Neutral Aggressive,Ending shot. Deep,Leo Rocca,1st serve,Ad court (T),Return. Backhand,Brandon Vu,Return. Topspin/Flat,Center,Return. Neutral aggressive,Return. Deep,Serve + 1 shot. Forehand,Serve + 1 shot. Topspin/Flat,Down the line,Serve + 1 shot. Neutral Aggressive,Serve + 1 shot. Short,Not a Cheap point,
1280,7,Set 1; 3:3; *0:0,5205,Leo Rocca,Brandon Vu,Unforced Error,Unforced Error,3-4 shots,3,Non-stress point,Middle: 5-8 game,Ending shot. Forehand,Ending shot. Topspin/Flat,Inside in,Ending shot. Neutral Aggressive,Ending shot. Middle,Brandon Vu,1st serve,Deuce court (T),Return. Forehand,Leo Rocca,Return. Topspin/Flat,Down the line,Return. Neutral aggressive,Return. Middle,Serve + 1 shot. Forehand,Serve + 1 shot. Topspin/Flat,Inside in,Serve + 1 shot. Neutral Aggressive,Serve + 1 shot. Middle,Not a Cheap point,
1297,9,Set 1; 3:3; *0:15,5210,Brandon Vu,Leo Rocca,Unforced Error,Unforced Error,3-4 shots,4,Non-stress point,Middle: 5-8 game,Ending shot. Forehand,Ending shot. Topspin/Flat,Center,Ending shot. Neutral Aggressive,Ending shot. Short,Brandon Vu,1st serve,Ad court (Body),Return. Forehand,Leo Rocca,Return. Topspin/Flat,Cross,Return. Neutral aggressive,Return. Short,Serve + 1 shot. Forehand,Serve + 1 shot. Topspin/Flat,Inside out,Serve + 1 shot. Neutral Aggressive,Serve + 1 shot. Deep,Not a Cheap point,
1321,9,Set 1; 3:3; *15:15,5215,Brandon Vu,Leo Rocca,Unforced Error,Unforced Error,3-4 shots,4,Non-stress point,Middle: 5-8 game,Ending shot. Forehand,Ending shot. Topspin/Flat,Cross,Ending shot. Neutral Aggressive,Ending shot. Deep,Brandon Vu,1st serve,Deuce court (Wide),Return. Backhand,Leo Rocca,Return. Topspin/Flat,Cross,Return. Neutral aggressive,Return. Middle,Serve + 1 shot. Backhand,Serve + 1 shot. Slice,Cross,Serve + 1 shot. Neutral Aggressive,Serve + 1 shot. Middle,Not a Cheap point,
1346,13,Set 1; 3:3; *30:15,5222,Brandon Vu,Leo Rocca,Unforced Error,Unforced Error,5-8 shots,6,Non-stress point,Middle: 5-8 game,Ending shot. Forehand,Ending shot. Approach Shot,Inside in,Ending shot. Neutral Aggressive,Ending shot. Short,Brandon Vu,1st serve,Ad court (Wide),Return. Forehand,Leo Rocca,Return. Topspin/Flat,Cross,Return. Neutral aggressive,Return. Middle,Serve + 1 shot. Forehand,Serve + 1 shot. Topspin/Flat,Inside center,Serve + 1 shot. Half court zone,Serve + 1 shot. Deep,Not a Cheap point,
1380,13,Set 1; 3:3; *40:15,5229,Leo Rocca,Brandon Vu,Winner/Provoked Point,Provoked Point,5-8 shots,7,Non-stress point,Middle: 5-8 game,Ending shot. Forehand,Ending shot. Approach Shot,Cross,Ending shot. Neutral Aggressive,Ending shot. Short,Brandon Vu,1st serve,Deuce court (T),Return. Forehand,Leo Rocca,Return. Topspin/Flat,Center,Return. Neutral aggressive,Return. Middle,Serve + 1 shot. Forehand,Serve + 1 shot. Topspin/Flat,Cross,Serve + 1 shot. Neutral Aggressive,Serve + 1 shot. Deep,Not a Cheap point,
1407,10,Set 1; 3:3; *40:30,5237,Brandon Vu,Leo Rocca,Unforced Error,Unforced Error,5-8 shots,6,Non-stress point,Middle: 5-8 game,Ending shot. Forehand,Ending shot. Volley,,Ending shot. Half court zone,Ending shot. Deep,Brandon Vu,1st serve,Ad court (Body),Return. Forehand,Leo Rocca,Return. Passing Shot,Cross,Return. Neutral aggressive,Return. Short,Serve + 1 shot. Forehand,Serve + 1 shot. Volley,,Serve + 1 shot. Net Area,Serve + 1 shot. Middle,Not a Cheap point,
1498,5,Set 1; 4:3; 0:0*,5239,Leo Rocca,Brandon Vu,Winner/Provoked Point,Winner,1-2 shots,1,Non-stress point,Middle: 5-8 game,Ending shot. Serve,,,,,Leo Rocca,1st serve,Deuce court (T),,Brandon Vu,,,,,,,,,,Ace/Serve-winner,
1520,7,Set 1; 4:3; 0:15*,5242,Brandon Vu,Leo Rocca,Unforced Error,Unforced Error,3-4 shots,3,Non-stress point,Middle: 5-8 game,Ending shot. Backhand,Ending shot. Volley,,Ending shot. Net Area,Ending shot. Deep,Leo Rocca,1st serve,Ad court (T),Return. Backhand,Brandon Vu,Return. Topspin/Flat,Center,Return. Neutral aggressive,Return. Short,Serve + 1 shot. Backhand,Serve + 1 shot. Volley,,Serve + 1 shot. Net Area,Serve + 1 shot. Deep,Not a Cheap point,
1563,13,Set 1; 4:3; 15:15*,5251,Leo Rocca,Brandon Vu,Winner/Provoked Point,Winner,5-8 shots,7,Non-stress point,Middle: 5-8 game,Ending shot. Forehand,Ending shot. Passing Shot,Cross,Ending shot. Neutral Aggressive,Ending shot. Deep,Leo Rocca,2nd serve,Deuce court (Wide),Return. Backhand,Brandon Vu,Return. Slice,Cross,Return. Neutral aggressive,Return. Middle,Serve + 1 shot. Backhand,Serve + 1 shot. Topspin/Flat,Cross,Serve + 1 shot. Neutral Aggressive,Serve + 1 shot. Deep,Not a Cheap point,
1607,13,Set 1; 4:3; 15:30*,5260,Leo Rocca,Brandon Vu,Unforced Error,Unforced Error,5-8 shots,8,Non-stress point,Middle: 5-8 game,Ending shot. Forehand,Ending shot. Volley,,Ending shot. Net Area,Ending shot. Short,Leo Rocca,1st serve,Ad court (Wide),Return. Forehand,Brandon Vu,Return. Topspin/Flat,Down the line,Return. Neutral aggressive,Return. Short,Serve + 1 shot. Backhand,Serve + 1 shot. Topspin/Flat,Down the line,Serve + 1 shot. Half court zone,Serve + 1 shot. Deep,Not a Cheap point,
1645,5,Set 1; 4:3; 15:40*,5262,Leo Rocca,Brandon Vu,Winner/Provoked Point,Provoked Point,1-2 shots,2,Non-stress point,Middle: 5-8 game,Ending shot. Serve,,,,,Leo Rocca,1st serve,Deuce court (Body),Return. Forehand,Brandon Vu,Return. Topspin/Flat,Cross,Return. Neutral aggressive,Return. Middle,,,,,,Cheap Point on serve,
1669,8,Set 1; 4:4; *0:0,5267,Brandon Vu,Leo Rocca,Unforced Error,Unforced Error,3-4 shots,4,Non-stress point,Middle: 5-8 game,Ending shot. Backhand,Ending shot. Topspin/Flat,Cross,Ending shot. Neutral Defensive,Ending shot. Deep,Brandon Vu,1st serve,Deuce court (Wide),Return. Backhand,Leo Rocca,Return. Topspin/Flat,Down the line,Return. Neutral aggressive,Return. Middle,Serve + 1 shot. Forehand,Serve + 1 shot. Topspin/Flat,Cross,Serve + 1 shot. Neutral Aggressive,Serve + 1 shot. Middle,Not a Cheap point,
1690,9,Set 1; 4:4; *15:0,5272,Brandon Vu,Leo Rocca,Unforced Error,Unforced Error,3-4 shots,4,Non-stress point,Middle: 5-8 game,Ending shot. Forehand,Ending shot. Topspin/Flat,Cross,Ending shot. Neutral Defensive,Ending shot. Short,Brandon Vu,1st serve,Ad court (Wide),Return. Forehand,Leo Rocca,Return. Topspin/Flat,Cross,Return. Half court zone,Return. Deep,Serve + 1 shot. Forehand,Serve + 1 shot. Topspin/Flat,Inside center,Serve + 1 shot. Neutral Aggressive,Serve + 1 shot. Middle,Not a Cheap point,
1718,7,Set 1; 4:4; *30:0,5276,Brandon Vu,Leo Rocca,Winner/Provoked Point,Winner,3-4 shots,3,Non-stress point,Middle: 5-8 game,Ending shot. Forehand,Ending shot. Drop Shot,,Ending shot. Half court zone,Ending shot. Short,Brandon Vu,1st serve,Deuce court (T),Return. Forehand,Leo Rocca,Return. Slice,Center,Return. Neutral aggressive,Return. Middle,Serve + 1 shot. Forehand,Serve + 1 shot. Drop Shot,,Serve + 1 shot. Half court zone,Serve + 1 shot. Short,Cheap Point on serve,
1735,6,Set 1; 4:4; *40:0,5280,Leo Rocca,Brandon Vu,Unforced Error,Unforced Error,3-4 shots,3,Non-stress point,Middle: 5-8 game,Ending shot. Forehand,Ending shot. Volley,,Ending shot. Half court zone,Ending shot. Deep,Brandon Vu,1st serve,Ad court (Wide),Return. Forehand,Leo Rocca,Return. Topspin/Flat,Center,Return. Half court zone,Return. Middle,Serve + 1 shot. Forehand,Serve + 1 shot. Volley,,Serve + 1 shot. Half court zone,Serve + 1 shot. Deep,Not a Cheap point,
1755,13,Set 1; 4:4; *40:15,5288,Brandon Vu,Leo Rocca,Winner/Provoked Point,Provoked Point,5-8 shots,8,Non-stress point,Middle: 5-8 game,Ending shot. Backhand,Ending shot. Volley,,Ending shot. Net Area,Ending shot. Short,Brandon Vu,1st serve,Deuce court (Wide),Return. Backhand,Leo Rocca,Return. Topspin/Flat,Center,Return. Half court zone,Return. Deep,Serve + 1 shot. Backhand,Serve + 1 shot. Approach Shot,Down the line,Serve + 1 shot. Neutral Aggressive,Serve + 1 shot. Middle,Not a Cheap point,
1896,6,Set 1; 5:4; 0:0*,5292,Leo Rocca,Brandon Vu,Unforced Error,Unforced Error,1-2 shots,2,Non-stress point,End: 9-12 game,Ending shot. Return,Ending shot. Topspin/Flat,Down the line,Ending shot. Neutral Aggressive,Ending shot. Deep,Leo Rocca,1st serve,Deuce court (Wide),Return. Backhand,Brandon Vu,Return. Topspin/Flat,Down the line,Return. Neutral aggressive,Return. Deep,,,,,,Not a Cheap point,
1936,13,Set 1; 5:4; 0:15*,5300,Brandon Vu,Leo Rocca,Unforced Error,Unforced Error,5-8 shots,7,Non-stress point,End: 9-12 game,Ending shot. Backhand,Ending shot. Topspin/Flat,Cross,Ending shot. Neutral Aggressive,Ending shot. Deep,Leo Rocca,2nd serve,Ad court (Body),Return. Forehand,Brandon Vu,Return. Topspin/Flat,Cross,Return. Neutral aggressive,Return. Deep,Serve + 1 shot. Forehand,Serve + 1 shot. Topspin/Flat,Center,Serve + 1 shot. Neutral Aggressive,Serve + 1 shot. Middle,Not a Cheap point,
1984,8,Set 1; 5:4; 15:15*,5305,Leo Rocca,Brandon Vu,Winner/Provoked Point,Provoked Point,3-4 shots,4,Non-stress point,End: 9-12 game,Ending shot. Backhand,Ending shot. Approach Shot,Center,Ending shot. Neutral Aggressive,Ending shot. Middle,Leo Rocca,2nd serve,Deuce court (Body),Return. Backhand,Brandon Vu,Return. Slice,Center,Return. Neutral aggressive,Return. Middle,Serve + 1 shot. Backhand,Serve + 1 shot. Approach Shot,Center,Serve + 1 shot. Neutral Aggressive,Serve + 1 shot. Middle,Cheap Point on serve,
2020,8,Set 1; 5:4; 15:30*,5310,Brandon Vu,Leo Rocca,Unforced Error,Unforced Error,3-4 shots,3,Non-stress point,End: 9-12 game,Ending shot. Forehand,Ending shot. Topspin/Flat,Cross,Ending shot. Half court zone,Ending shot. Short,Leo Rocca,1st serve,Ad court (Body),Return. Backhand,Brandon Vu,Return. Topspin/Flat,Cross,Return. Neutral aggressive,Return. Middle,Serve + 1 shot. Forehand,Serve + 1 shot. Topspin/Flat,Cross,Serve + 1 shot. Half court zone,Serve + 1 shot. Short,Not a Cheap point,
2051,7,Set 1; 5:4; 30:30*,5314,Leo Rocca,Brandon Vu,Winner/Provoked Point,Winner,3-4 shots,3,30:30 and 40:40,End: 9-12 game,Ending shot. Forehand,Ending shot. Approach Shot,Inside in,Ending shot. Neutral Aggressive,Ending shot. Deep,Leo Rocca,1st serve,Deuce court (T),Return. Forehand,Brandon Vu,Return. Slice,Center,Return. Neutral aggressive,Return. Deep,Serve + 1 shot. Forehand,Serve + 1 shot. Approach Shot,Inside in,Serve + 1 shot. Neutral Aggressive,Serve + 1 shot. Deep,Cheap Point on serve,
2079,19,Set 1; 5:4; 30:40*,5326,Leo Rocca,Brandon Vu,Winner/Provoked Point,Winner,9+ shots,11,Non-stress point,End: 9-12 game,Ending shot. Forehand,Ending shot. Approach Shot,Inside in,Ending shot. Neutral Aggressive,Ending shot. Middle,Leo Rocca,1st serve,Ad court (T),Return. Backhand,Brandon Vu,Return. Topspin/Flat,Center,Return. Neutral basic,Return. Deep,Serve + 1 shot. Backhand,Serve + 1 shot. Topspin/Flat,Cross,Serve + 1 shot. Neutral Aggressive,Serve + 1 shot. Short,Not a Cheap point,
2118,8,Set 1; 5:5; *0:0,5331,Brandon Vu,Leo Rocca,Unforced Error,Unforced Error,3-4 shots,4,Non-stress point,End: 9-12 game,Ending shot. Backhand,Ending shot. Topspin/Flat,Center,Ending shot. Neutral Aggressive,Ending shot. Deep,Brandon Vu,1st serve,Deuce court (Wide),Return. Backhand,Leo Rocca,Return. Topspin/Flat,Cross,Return. Neutral aggressive,Return. Short,Serve + 1 shot. Forehand,Serve + 1 shot. Topspin/Flat,Cross,Serve + 1 shot. Neutral Aggressive,Serve + 1 shot. Deep,Not a Cheap point,
2150,10,Set 1; 5:5; *15:0,5338,Brandon Vu,Leo Rocca,Winner/Provoked Point,Winner,5-8 shots,5,Non-stress point,End: 9-12 game,Ending shot. Forehand,Ending shot. Volley Smash,,Ending shot. Net Area,Ending shot. Short,Brandon Vu,2nd serve,Ad court (T),Return. Forehand,Leo Rocca,Return. Passing Shot,Cross,Return. Neutral basic,Return. Short,Serve + 1 shot. Forehand,Serve + 1 shot. Volley,,Serve + 1 shot. Net Area,Serve + 1 shot. Deep,Cheap Point on serve,
2181,6,Set 1; 5:5; *30:0,5340,Brandon Vu,Leo Rocca,Winner/Provoked Point,Provoked Point,1-2 shots,2,Non-stress point,End: 9-12 game,Ending shot. Serve,,,,,Brandon Vu,1st serve,Deuce court (T),Return. Forehand,Leo Rocca,Return. Topspin/Flat,Center,Return. Neutral aggressive,Return. Short,,,,,,Cheap Point on serve,
2205,13,Set 1; 5:5; *40:0,5348,Leo Rocca,Brandon Vu,Unforced Error,Unforced Error,5-8 shots,7,Non-stress point,End: 9-12 game,Ending shot. Forehand,Ending shot. Volley Smash,,Ending shot. Net Area,Ending shot. Deep,Brandon Vu,1st serve,Ad court (Body),Return. Forehand,Leo Rocca,Return. Topspin/Flat,Center,Return. Neutral aggressive,Return. Deep,Serve + 1 shot. Forehand,Serve + 1 shot. Topspin/Flat,Center,Serve + 1 shot. Neutral Defensive,Serve + 1 shot. Deep,Not a Cheap point,
2235,8,Set 1; 5:5; *40:15,5352,Brandon Vu,Leo Rocca,Winner/Provoked Point,Provoked Point,3-4 shots,4,Non-stress point,End: 9-12 game,Ending shot. Forehand,Ending shot. Volley,,Ending shot. Net Area,Ending shot. Deep,Brandon Vu,1st serve,Deuce court (Body),Return. Backhand,Leo Rocca,Return. Topspin/Flat,Center,Return. Neutral basic,Return. Middle,Serve + 1 shot. Forehand,Serve + 1 shot. Volley,,Serve + 1 shot. Net Area,Serve + 1 shot. Deep,Cheap Point on serve,
2348,5,Set 1; 6:5; 0:0*,5356,Leo Rocca,Brandon Vu,Unforced Error,Unforced Error,1-2 shots,2,Non-stress point,End: 9-12 game,Ending shot. Return,Ending shot. Slice,Down the line,Ending shot. Neutral Aggressive,Ending shot. Short,Leo Rocca,1st serve,Deuce court (Body),Return. Forehand,Brandon Vu,Return. Slice,Down the line,Return. Neutral aggressive,Return. Short,,,,,,Not a Cheap point,
2381,9,Set 1; 6:5; 0:15*,5361,Leo Rocca,Brandon Vu,Unforced Error,Unforced Error,3-4 shots,4,Non-stress point,End: 9-12 game,Ending shot. Backhand,Ending shot. Slice,Cross,Ending shot. Neutral Aggressive,Ending shot. Middle,Leo Rocca,2nd serve,Ad court (T),Return. Backhand,Brandon Vu,Return. Topspin/Flat,Center,Return. Neutral aggressive,Return. Middle,Serve + 1 shot. Forehand,Serve + 1 shot. Topspin/Flat,Down the line,Serve + 1 shot. Neutral Defensive,Serve + 1 shot. Deep,Not a Cheap point,
2430,5,Set 1; 6:5; 0:30*,5365,Leo Rocca,Brandon Vu,Unforced Error,Unforced Error,1-2 shots,2,Non-stress point,End: 9-12 game,Ending shot. Return,Ending shot. Topspin/Flat,Cross,Ending shot. Neutral Aggressive,Ending shot. Short,Leo Rocca,2nd serve,Deuce court (Wide),Return. Backhand,Brandon Vu,Return. Topspin/Flat,Cross,Return. Neutral aggressive,Return. Short,,,,,,Not a Cheap point,
2455,6,Set 1; 6:5; 0:40*,5366,Leo Rocca,Brandon Vu,Winner/Provoked Point,Provoked Point,1-2 shots,2,Non-stress point,End: 9-12 game,Ending shot. Serve,,,,,Leo Rocca,1st serve,Ad court (Body),Return. Forehand,Brandon Vu,Return. Topspin/Flat,Down the line,Return. Neutral basic,Return. Short,,,,,,Cheap Point on serve,
2485,14,Set 1; 6:6; *0:0,5376,Leo Rocca,Brandon Vu,Winner/Provoked Point,Winner,5-8 shots,8,Non-stress point,Tie-break,Ending shot. Backhand,Ending shot. Passing Shot,Cross,Ending shot. Neutral Aggressive,Ending shot. Middle,Brandon Vu,1st serve,Deuce court (Wide),Return. Backhand,Leo Rocca,Return. Topspin/Flat,Center,Return. Neutral aggressive,Return. Middle,Serve + 1 shot. Forehand,Serve + 1 shot. Topspin/Flat,Cross,Serve + 1 shot. Neutral Aggressive,Serve + 1 shot. Middle,Not a Cheap point,
2538,18,Set 1; 6:6; 0:1*,5387,Brandon Vu,Leo Rocca,Unforced Error,Unforced Error,9+ shots,9,Non-stress point,Tie-break,Ending shot. Forehand,Ending shot. Topspin/Flat,Inside center,Ending shot. Neutral Aggressive,Ending shot. Short,Leo Rocca,2nd serve,Ad court (T),Return. Backhand,Brandon Vu,Return. Slice,Down the line,Return. Neutral aggressive,Return. Deep,Serve + 1 shot. Backhand,Serve + 1 shot. Topspin/Flat,Cross,Serve + 1 shot. Neutral Defensive,Serve + 1 shot. Middle,Not a Cheap point,
2579,6,Set 1; 6:6; 1:1*,5390,Brandon Vu,Leo Rocca,Winner/Provoked Point,Provoked Point,3-4 shots,3,Non-stress point,Tie-break,Ending shot. Return,Ending shot. Topspin/Flat,Cross,Ending shot. Neutral Aggressive,Ending shot. Deep,Leo Rocca,1st serve,Deuce court (T),Return. Forehand,Brandon Vu,Return. Topspin/Flat,Cross,Return. Neutral aggressive,Return. Deep,Serve + 1 shot. Backhand,Serve + 1 shot. Slice,Down the line,Serve + 1 shot. Neutral Aggressive,Serve + 1 shot. Short,Cheap Point on return,
2604,7,Set 1; 6:6; *2:1,5395,Leo Rocca,Brandon Vu,Unforced Error,Unforced Error,3-4 shots,3,Non-stress point,Tie-break,Ending shot. Forehand,Ending shot. Topspin/Flat,Cross,Ending shot. Neutral Aggressive,Ending shot. Short,Brandon Vu,1st serve,Ad court (Body),Return. Backhand,Leo Rocca,Return. Topspin/Flat,Center,Return. Neutral aggressive,Return. Middle,Serve + 1 shot. Forehand,Serve + 1 shot. Topspin/Flat,Cross,Serve + 1 shot. Neutral Aggressive,Serve + 1 shot. Short,Not a Cheap point,
2628,6,Set 1; 6:6; *2:2,5398,Brandon Vu,Leo Rocca,Unforced Error,Unforced Error,1-2 shots,2,Non-stress point,Tie-break,Ending shot. Return,Ending shot. Topspin/Flat,Center,Ending shot. Neutral Aggressive,Ending shot. Deep,Brandon Vu,1st serve,Deuce court (Wide),Return. Backhand,Leo Rocca,Return. Topspin/Flat,Center,Return. Neutral aggressive,Return. Deep,,,,,,Not a Cheap point,
2659,15,Set 1; 6:6; 3:2*,5406,Leo Rocca,Brandon Vu,Unforced Error,Unforced Error,5-8 shots,8,Non-stress point,Tie-break,Ending shot. Forehand,Ending shot. Topspin/Flat,Center,Ending shot. Neutral Aggressive,Ending shot. Short,Leo Rocca,1st serve,Ad court (Body),Return. Forehand,Brandon Vu,Return. Topspin/Flat,Cross,Return. Neutral basic,Return. Middle,Serve + 1 shot. Forehand,Serve + 1 shot. Topspin/Flat,Cross,Serve + 1 shot. Neutral Defensive,Serve + 1 shot. Middle,Not a Cheap point,
2753,8,Set 1; 6:6; 3:3*,5412,Leo Rocca,Brandon Vu,Unforced Error,Unforced Error,3-4 shots,4,Non-stress point,Tie-break,Ending shot. Forehand,Ending shot. Volley,,Ending shot. Net Area,Ending shot. Short,Leo Rocca,2nd serve,Deuce court (Body),Return. Backhand,Brandon Vu,Return. Approach Shot,Center,Return. Half court zone,Return. Deep,Serve + 1 shot. Forehand,Serve + 1 shot. Passing Shot,Inside in,Serve + 1 shot. Neutral Aggressive,Serve + 1 shot. Short,Not a Cheap point,
2778,8,Set 1; 6:6; *3:4,5417,Leo Rocca,Brandon Vu,Winner/Provoked Point,Winner,3-4 shots,4,Non-stress point,Tie-break,Ending shot. Forehand,Ending shot. Volley Smash,,Ending shot. Half court zone,Ending shot. Short,Brandon Vu,1st serve,Ad court (T),Return. Backhand,Leo Rocca,Return. Approach Shot,Down the line,Return. Half court zone,Return. Middle,Serve + 1 shot. Backhand,Serve + 1 shot. Lob,,Serve + 1 shot. Neutral Aggressive,Serve + 1 shot. Deep,Cheap Point on return,
2801,14,Set 1; 6:6; *3:5,5426,Brandon Vu,Leo Rocca,Unforced Error,Unforced Error,5-8 shots,8,Non-stress point,Tie-break,Ending shot. Backhand,Ending shot. Topspin/Flat,Center,Ending shot. Neutral Aggressive,Ending shot. Deep,Brandon Vu,1st serve,Deuce court (Body),Return. Backhand,Leo Rocca,Return. Topspin/Flat,Cross,Return. Neutral aggressive,Return. Short,Serve + 1 shot. Backhand,Serve + 1 shot. Slice,Cross,Serve + 1 shot. Half court zone,Serve + 1 shot. Deep,Not a Cheap point,
2841,7,Set 1; 6:6; 4:5*,5430,Brandon Vu,Leo Rocca,Unforced Error,Unforced Error,3-4 shots,3,Non-stress point,Tie-break,Ending shot. Backhand,Ending shot. Approach Shot,Down the line,Ending shot. Half court zone,Ending shot. Short,Leo Rocca,1st serve,Ad court (T),Return. Backhand,Brandon Vu,Return. Slice,Down the line,Return. Neutral basic,Return. Short,Serve + 1 shot. Backhand,Serve + 1 shot. Approach Shot,Down the line,Serve + 1 shot. Half court zone,Serve + 1 shot. Short,Not a Cheap point,
2891,5,Set 1; 6:6; 5:5*,5433,Brandon Vu,Leo Rocca,Unforced Error,Unforced Error,1-2 shots,1,Non-stress point,Tie-break,Ending shot. Serve,,,,,Leo Rocca,2nd serve,Deuce court (Wide),,Brandon Vu,,,,,,,,,,Not a Cheap point,
2913,6,Set 1; 6:6; *6:5,5436,Brandon Vu,Leo Rocca,Winner/Provoked Point,Winner,3-4 shots,3,Non-stress point,Tie-break,Ending shot. Forehand,Ending shot. Volley,,Ending shot. Net Area,Ending shot. Middle,Brandon Vu,1st serve,Ad court (T),Return. Backhand,Leo Rocca,Return. Topspin/Flat,Center,Return. Neutral aggressive,Return. Middle,Serve + 1 shot. Forehand,Serve + 1 shot. Volley,,Serve + 1 shot. Net Area,Serve + 1 shot. Middle,Cheap Point on serve,
3131,8,Set 2; 0:0; 0:0*,5445,Leo Rocca,Brandon Vu,Unforced Error,Unforced Error,3-4 shots,4,Non-stress point,Beginning: 1-4 game,Ending shot. Forehand,Ending shot. Topspin/Flat,Down the line,Ending shot. Neutral Aggressive,Ending shot. Deep,Leo Rocca,2nd serve,Deuce court (T),Return. Forehand,Brandon Vu,Return. Topspin/Flat,Cross,Return. Neutral aggressive,Return. Middle,Serve + 1 shot. Backhand,Serve + 1 shot. Topspin/Flat,Center,Serve + 1 shot. Neutral Aggressive,Serve + 1 shot. Short,Not a Cheap point,
3161,5,Set 2; 0:0; 0:15*,5448,Leo Rocca,Brandon Vu,Unforced Error,Unforced Error,1-2 shots,2,Non-stress point,Beginning: 1-4 game,Ending shot. Return,Ending shot. Topspin/Flat,Inside in,Ending shot. Neutral Aggressive,Ending shot. Short,Leo Rocca,1st serve,Ad court (Wide),Return. Forehand,Brandon Vu,Return. Topspin/Flat,Down the line,Return. Neutral aggressive,Return. Short,,,,,,Not a Cheap point,
3193,5,Set 2; 0:0; 0:30*,5451,Leo Rocca,Brandon Vu,Unforced Error,Unforced Error,1-2 shots,2,Non-stress point,Beginning: 1-4 game,Ending shot. Return,Ending shot. Topspin/Flat,Down the line,Ending shot. Neutral Aggressive,Ending shot. Deep,Leo Rocca,2nd serve,Deuce court (Body),Return. Forehand,Brandon Vu,Return. Topspin/Flat,Down the line,Return. Neutral aggressive,Return. Deep,,,,,,Not a Cheap point,
3220,5,Set 2; 0:0; 0:40*,5452,Leo Rocca,Brandon Vu,Winner/Provoked Point,Winner,1-2 shots,1,Non-stress point,Beginning: 1-4 game,Ending shot. Serve,,,,,Leo Rocca,1st serve,Ad court (T),,Brandon Vu,,,,,,,,,,Ace/Serve-winner,
3284,5,Set 2; 0:1; *0:0,5454,Leo Rocca,Brandon Vu,Unforced Error,Unforced Error,1-2 shots,1,Non-stress point,Beginning: 1-4 game,Ending shot. Serve,,,,,Brandon Vu,2nd serve,Deuce court (Wide),,Leo Rocca,,,,,,,,,,Not a Cheap point,
3301,7,Set 2; 0:1; *0:15,5457,Leo Rocca,Brandon Vu,Unforced Error,Unforced Error,3-4 shots,3,Non-stress point,Beginning: 1-4 game,Ending shot. Forehand,Ending shot. Approach Shot,Cross,Ending shot. Half court zone,Ending shot. Deep,Brandon Vu,1st serve,Ad court (T),Return. Backhand,Leo Rocca,Return. Topspin/Flat,Center,Return. Neutral aggressive,Return. Short,Serve + 1 shot. Forehand,Serve + 1 shot. Approach Shot,Cross,Serve + 1 shot. Half court zone,Serve + 1 shot. Deep,Not a Cheap point,
3321,9,Set 2; 0:1; *0:30,5462,Brandon Vu,Leo Rocca,Unforced Error,Unforced Error,3-4 shots,4,15:30 and 0:30,Beginning: 1-4 game,Ending shot. Backhand,Ending shot. Slice,Center,Ending shot. Neutral Aggressive,Ending shot. Deep,Brandon Vu,1st serve,Deuce court (T),Return. Forehand,Leo Rocca,Return. Topspin/Flat,Cross,Return. Neutral aggressive,Return. Middle,Serve + 1 shot. Forehand,Serve + 1 shot. Topspin/Flat,Cross,Serve + 1 shot. Neutral Aggressive,Serve + 1 shot. Short,Not a Cheap point,
3338,6,Set 2; 0:1; *15:30,5465,Brandon Vu,Leo Rocca,Unforced Error,Unforced Error,1-2 shots,2,15:30 and 0:30,Beginning: 1-4 game,Ending shot. Return,Ending shot. Topspin/Flat,Cross,Ending shot. Neutral Aggressive,Ending shot. Short,Brandon Vu,1st serve,Ad court (T),Return. Backhand,Leo Rocca,Return. Topspin/Flat,Center,Return. Neutral aggressive,Return. Short,,,,,,Not a Cheap point,
3367,28,Set 2; 0:1; *30:30,5480,Leo Rocca,Brandon Vu,Winner/Provoked Point,Provoked Point,9+ shots,15,30:30 and 40:40,Beginning: 1-4 game,Ending shot. Forehand,Ending shot. Volley Smash,,Ending shot. Half court zone,Ending shot. Middle,Brandon Vu,2nd serve,Deuce court (Body),Return. Backhand,Leo Rocca,Return. Topspin/Flat,Cross,Return. Neutral aggressive,Return. Short,Serve + 1 shot. Backhand,Serve + 1 shot. Slice,Cross,Serve + 1 shot. Half court zone,Serve + 1 shot. Middle,Not a Cheap point,
3430,5,Set 2; 0:1; *30:40,5484,Leo Rocca,Brandon Vu,Unforced Error,Unforced Error,1-2 shots,1,Break Point,Beginning: 1-4 game,Ending shot. Serve,,,,,Brandon Vu,2nd serve,Ad court (T),,Leo Rocca,,,,,,,,,,Not a Cheap point,
3458,5,Set 2; 0:2; 0:0*,5485,Leo Rocca,Brandon Vu,Winner/Provoked Point,Winner,1-2 shots,1,Non-stress point,Beginning: 1-4 game,Ending shot. Serve,,,,,Leo Rocca,1st serve,Deuce court (T),,Brandon Vu,,,,,,,,,,Ace/Serve-winner,
3477,9,Set 2; 0:2; 0:15*,5489,Brandon Vu,Leo Rocca,Winner/Provoked Point,Provoked Point,5-8 shots,5,Non-stress point,Beginning: 1-4 game,Ending shot. Forehand,Ending shot. Lob,,Ending shot. Neutral Aggressive,Ending shot. Middle,Leo Rocca,1st serve,Ad court (Wide),Return. Forehand,Brandon Vu,Return. Topspin/Flat,Center,Return. Neutral aggressive,Return. Middle,Serve + 1 shot. Forehand,Serve + 1 shot. Volley,,Serve + 1 shot. Half court zone,Serve + 1 shot. Short,Cheap Point on return,
3507,7,Set 2; 0:2; 15:15*,5494,Brandon Vu,Leo Rocca,Unforced Error,Unforced Error,3-4 shots,3,Non-stress point,Beginning: 1-4 game,Ending shot. Forehand,Ending shot. Topspin/Flat,Cross,Ending shot. Neutral Aggressive,Ending shot. Deep,Leo Rocca,1st serve,Deuce court (Wide),Return. Backhand,Brandon Vu,Return. Topspin/Flat,Down the line,Return. Neutral aggressive,Return. Deep,Serve + 1 shot. Forehand,Serve + 1 shot. Topspin/Flat,Cross,Serve + 1 shot. Neutral Aggressive,Serve + 1 shot. Deep,Not a Cheap point,
3541,11,Set 2; 0:2; 30:15*,5500,Brandon Vu,Leo Rocca,Unforced Error,Unforced Error,5-8 shots,5,15:30 and 0:30,Beginning: 1-4 game,Ending shot. Forehand,Ending shot. Topspin/Flat,Cross,Ending shot. Neutral Aggressive,Ending shot. Deep,Leo Rocca,1st serve,Ad court (Body),Return. Backhand,Brandon Vu,Return. Topspin/Flat,Down the line,Return. Neutral aggressive,Return. Short,Serve + 1 shot. Backhand,Serve + 1 shot. Slice,Center,Serve + 1 shot. Neutral Aggressive,Serve + 1 shot. Middle,Not a Cheap point,
3575,5,Set 2; 0:2; 40:15*,5502,Leo Rocca,Brandon Vu,Winner/Provoked Point,Provoked Point,1-2 shots,2,Break Point,Beginning: 1-4 game,Ending shot. Serve,,,,,Leo Rocca,1st serve,Deuce court (Body),Return. Backhand,Brandon Vu,Return. Topspin/Flat,Down the line,Return. Neutral basic,Return. Short,,,,,,Cheap Point on serve,
3599,22,Set 2; 0:2; 40:30*,5517,Leo Rocca,Brandon Vu,Unforced Error,Unforced Error,9+ shots,14,Break Point,Beginning: 1-4 game,Ending shot. Forehand,Ending shot. Volley,,Ending shot. Net Area,Ending shot. Short,Leo Rocca,1st serve,Ad court (Wide),Return. Forehand,Brandon Vu,Return. Slice,Cross,Return. Neutral aggressive,Return. Deep,Serve + 1 shot. Forehand,Serve + 1 shot. Topspin/Flat,Cross,Serve + 1 shot. Neutral Aggressive,Serve + 1 shot. Short,Not a Cheap point,
3665,5,Set 2; 0:2; 40:40*,5520,Brandon Vu,Leo Rocca,Unforced Error,Unforced Error,1-2 shots,1,30:30 and 40:40,Beginning: 1-4 game,Ending shot. Serve,,,,,Leo Rocca,2nd serve,Ad court (T),,Brandon Vu,,,,,,,,,,Not a Cheap point,
3769,12,Set 2; 1:2; *0:0,5526,Brandon Vu,Leo Rocca,Unforced Error,Unforced Error,5-8 shots,6,Non-stress point,Beginning: 1-4 game,Ending shot. Forehand,Ending shot. Topspin/Flat,Inside center,Ending shot. Neutral Defensive,Ending shot. Deep,Brandon Vu,1st serve,Deuce court (Body),Return. Backhand,Leo Rocca,Return. Topspin/Flat,Cross,Return. Neutral aggressive,Return. Middle,Serve + 1 shot. Backhand,Serve + 1 shot. Slice,Down the line,Serve + 1 shot. Neutral Aggressive,Serve + 1 shot. Middle,Not a Cheap point,
3789,10,Set 2; 1:2; *15:0,5532,Brandon Vu,Leo Rocca,Winner/Provoked Point,Winner,5-8 shots,5,Non-stress point,Beginning: 1-4 game,Ending shot. Forehand,Ending shot. Drop Shot,,Ending shot. Half court zone,Ending shot. Short,Brandon Vu,1st serve,Ad court (T),Return. Backhand,Leo Rocca,Return. Topspin/Flat,Center,Return. Neutral aggressive,Return. Deep,Serve + 1 shot. Forehand,Serve + 1 shot. Topspin/Flat,Cross,Serve + 1 shot. Neutral Aggressive,Serve + 1 shot. Deep,Cheap Point on serve,
3812,11,Set 2; 1:2; *30:0,5539,Brandon Vu,Leo Rocca,Unforced Error,Unforced Error,5-8 shots,6,Non-stress point,Beginning: 1-4 game,Ending shot. Backhand,Ending shot. Slice,Center,Ending shot. Half court zone,Ending shot. Short,Brandon Vu,1st serve,Deuce court (Wide),Return. Backhand,Leo Rocca,Return. Topspin/Flat,Center,Return. Neutral aggressive,Return. Deep,Serve + 1 shot. Forehand,Serve + 1 shot. Topspin/Flat,Down the line,Serve + 1 shot. Neutral Aggressive,Serve + 1 shot. Middle,Not a Cheap point,
3837,7,Set 2; 1:2; *40:0,5542,Leo Rocca,Brandon Vu,Winner/Provoked Point,Provoked Point,3-4 shots,3,Non-stress point,Beginning: 1-4 game,Ending shot. Return,Ending shot. Topspin/Flat,Cross,Ending shot. Neutral Aggressive,Ending shot. Deep,Brandon Vu,1st serve,Ad court (Body),Return. Forehand,Leo Rocca,Return. Topspin/Flat,Cross,Return. Neutral aggressive,Return. Deep,Serve + 1 shot. Forehand,Serve + 1 shot. Slice,Inside center,Serve + 1 shot. Neutral Aggressive,Serve + 1 shot. Short,Cheap Point on return,
3855,7,Set 2; 1:2; *40:15,5547,Brandon Vu,Leo Rocca,Winner/Provoked Point,Winner,3-4 shots,3,Non-stress point,Beginning: 1-4 game,Ending shot. Forehand,Ending shot. Volley,,Ending shot. Net Area,Ending shot. Short,Brandon Vu,1st serve,Deuce court (T),Return. Forehand,Leo Rocca,Return. Lob,Center,Return. Neutral aggressive,Return. Middle,Serve + 1 shot. Forehand,Serve + 1 shot. Volley,,Serve + 1 shot. Net Area,Serve + 1 shot. Short,Cheap Point on serve,
3894,6,Set 2; 2:2; 0:0*,5549,Leo Rocca,Brandon Vu,Winner/Provoked Point,Provoked Point,1-2 shots,2,Non-stress point,Beginning: 1-4 game,Ending shot. Serve,,,,,Leo Rocca,1st serve,Deuce court (Body),Return. Forehand,Brandon Vu,Return. Slice,Center,Return. Neutral aggressive,Return. Short,,,,,,Cheap Point on serve,
3923,7,Set 2; 2:2; 0:15*,5553,Leo Rocca,Brandon Vu,Winner/Provoked Point,Winner,3-4 shots,3,Non-stress point,Beginning: 1-4 game,Ending shot. Backhand,Ending shot. Topspin/Flat,Cross,Ending shot. Half court zone,Ending shot. Deep,Leo Rocca,1st serve,Ad court (Body),Return. Forehand,Brandon Vu,Return. Topspin/Flat,Down the line,Return. Neutral basic,Return. Short,Serve + 1 shot. Backhand,Serve + 1 shot. Topspin/Flat,Cross,Serve + 1 shot. Half court zone,Serve + 1 shot. Deep,Cheap Point on serve,
3961,5,Set 2; 2:2; 0:30*,5556,Brandon Vu,Leo Rocca,Unforced Error,Unforced Error,1-2 shots,1,Non-stress point,Beginning: 1-4 game,Ending shot. Serve,,,,,Leo Rocca,2nd serve,Deuce court (T),,Brandon Vu,,,,,,,,,,Not a Cheap point,
3997,9,Set 2; 2:2; 15:30*,5561,Leo Rocca,Brandon Vu,Winner/Provoked Point,Winner,5-8 shots,5,Non-stress point,Beginning: 1-4 game,Ending shot. Forehand,Ending shot. Volley,,Ending shot. Net Area,Ending shot. Middle,Leo Rocca,1st serve,Ad court (T),Return. Backhand,Brandon Vu,Return. Slice,Down the line,Return. Neutral aggressive,Return. Short,Serve + 1 shot. Backhand,Serve + 1 shot. Approach Shot,Down the line,Serve + 1 shot. Half court zone,Serve + 1 shot. Middle,Cheap Point on serve,
4043,10,Set 2; 2:2; 15:40*,5568,Brandon Vu,Leo Rocca,Unforced Error,Unforced Error,5-8 shots,5,Non-stress point,Beginning: 1-4 game,Ending shot. Forehand,Ending shot. Approach Shot,Down the line,Ending shot. Half court zone,Ending shot. Short,Leo Rocca,2nd serve,Deuce court (Body),Return. Forehand,Brandon Vu,Return. Topspin/Flat,Center,Return. Neutral aggressive,Return. Middle,Serve + 1 shot. Forehand,Serve + 1 shot. Topspin/Flat,Inside in,Serve + 1 shot. Neutral Aggressive,Serve + 1 shot. Deep,Not a Cheap point,
4079,6,Set 2; 2:2; 30:40*,5572,Leo Rocca,Brandon Vu,Winner/Provoked Point,Winner,3-4 shots,3,Non-stress point,Beginning: 1-4 game,Ending shot. Backhand,Ending shot. Topspin/Flat,Cross,Ending shot. Half court zone,Ending shot. Deep,Leo Rocca,1st serve,Ad court (T),Return. Backhand,Brandon Vu,Return. Topspin/Flat,Center,Return. Neutral basic,Return. Short,Serve + 1 shot. Backhand,Serve + 1 shot. Topspin/Flat,Cross,Serve + 1 shot. Half court zone,Serve + 1 shot. Deep,Cheap Point on serve,
4192,10,Set 2; 2:3; *0:0,5578,Leo Rocca,Brandon Vu,Winner/Provoked Point,Provoked Point,5-8 shots,5,Non-stress point,Middle: 5-8 game,Ending shot. Forehand,Ending shot. Approach Shot,Inside in,Ending shot. Half court zone,Ending shot. Deep,Brandon Vu,2nd serve,Deuce court (Wide),Return. Backhand,Leo Rocca,Return. Topspin/Flat,Cross,Return. Neutral aggressive,Return. Middle,Serve + 1 shot. Backhand,Serve + 1 shot. Slice,Cross,Serve + 1 shot. Neutral Aggressive,Serve + 1 shot. Middle,Cheap Point on return,
4222,10,Set 2; 2:3; *0:15,5585,Brandon Vu,Leo Rocca,Winner/Provoked Point,Winner,5-8 shots,5,Non-stress point,Middle: 5-8 game,Ending shot. Backhand,Ending shot. Lob,,Ending shot. Neutral Aggressive,Ending shot. Deep,Brandon Vu,1st serve,Ad court (Body),Return. Forehand,Leo Rocca,Return. Topspin/Flat,Cross,Return. Neutral aggressive,Return. Middle,Serve + 1 shot. Forehand,Serve + 1 shot. Slice,Inside center,Serve + 1 shot. Neutral Defensive,Serve + 1 shot. Middle,Cheap Point on serve,
4247,6,Set 2; 2:3; *15:15,5588,Leo Rocca,Brandon Vu,Winner/Provoked Point,Winner,1-2 shots,2,Non-stress point,Middle: 5-8 game,Ending shot. Return,Ending shot. Topspin/Flat,Cross,Ending shot. Neutral Aggressive,Ending shot. Middle,Brandon Vu,1st serve,Deuce court (Wide),Return. Backhand,Leo Rocca,Return. Topspin/Flat,Cross,Return. Neutral aggressive,Return. Middle,,,,,,Cheap Point on return,
4282,7,Set 2; 2:3; *15:30,5592,Leo Rocca,Brandon Vu,Unforced Error,Unforced Error,3-4 shots,3,15:30 and 0:30,Middle: 5-8 game,Ending shot. Backhand,Ending shot. Slice,Cross,Ending shot. Neutral Aggressive,Ending shot. Deep,Brandon Vu,2nd serve,Ad court (T),Return. Backhand,Leo Rocca,Return. Topspin/Flat,Down the line,Return. Neutral aggressive,Return. Deep,Serve + 1 shot. Backhand,Serve + 1 shot. Slice,Cross,Serve + 1 shot. Neutral Aggressive,Serve + 1 shot. Deep,Not a Cheap point,
4307,8,Set 2; 2:3; *15:40,5597,Leo Rocca,Brandon Vu,Winner/Provoked Point,Winner,3-4 shots,4,Break Point,Middle: 5-8 game,Ending shot. Forehand,Ending shot. Approach Shot,Cross,Ending shot. Half court zone,Ending shot. Middle,Brandon Vu,1st serve,Deuce court (Body),Return. Backhand,Leo Rocca,Return. Topspin/Flat,Cross,Return. Neutral aggressive,Return. Middle,Serve + 1 shot. Backhand,Serve + 1 shot. Slice,Cross,Serve + 1 shot. Neutral Aggressive,Serve + 1 shot. Middle,Cheap Point on return,
4354,6,Set 2; 2:4; 0:0*,5601,Leo Rocca,Brandon Vu,Unforced Error,Unforced Error,1-2 shots,2,Non-stress point,Middle: 5-8 game,Ending shot. Return,Ending shot. Topspin/Flat,Cross,Ending shot. Half court zone,Ending shot. Deep,Leo Rocca,2nd serve,Deuce court (Wide),Return. Backhand,Brandon Vu,Return. Topspin/Flat,Center,Return. Half court zone,Return. Deep,,,,,,Not a Cheap point,
4383,9,Set 2; 2:4; 0:15*,5604,Leo Rocca,Brandon Vu,Winner/Provoked Point,Provoked Point,3-4 shots,4,Non-stress point,Middle: 5-8 game,Ending shot. Forehand,Ending shot. Approach Shot,Cross,Ending shot. Neutral Aggressive,Ending shot. Short,Leo Rocca,1st serve,Ad court (Body),Return. Forehand,Brandon Vu,Return. Topspin/Flat,Center,Return. Neutral basic,Return. Short,Serve + 1 shot. Forehand,Serve + 1 shot. Approach Shot,Cross,Serve + 1 shot. Neutral Aggressive,Serve + 1 shot. Short,Cheap Point on serve,
4423,5,Set 2; 2:4; 0:30*,5608,Brandon Vu,Leo Rocca,Unforced Error,Unforced Error,1-2 shots,1,Non-stress point,Middle: 5-8 game,Ending shot. Serve,,,,,Leo Rocca,2nd serve,Deuce court (Body),,Brandon Vu,,,,,,,,,,Not a Cheap point,
4458,12,Set 2; 2:4; 15:30*,5614,Leo Rocca,Brandon Vu,Winner/Provoked Point,Winner,5-8 shots,5,Non-stress point,Middle: 5-8 game,Ending shot. Backhand,Ending shot. Passing Shot,Down the line,Ending shot. Neutral Aggressive,Ending shot. Middle,Leo Rocca,2nd serve,Ad court (T),Return. Backhand,Brandon Vu,Return. Topspin/Flat,Center,Return. Neutral aggressive,Return. Middle,Serve + 1 shot. Forehand,Serve + 1 shot. Topspin/Flat,Center,Serve + 1 shot. Neutral Aggressive,Serve + 1 shot. Short,Cheap Point on serve,
4496,5,Set 2; 2:4; 15:40*,5617,Leo Rocca,Brandon Vu,Unforced Error,Unforced Error,1-2 shots,2,Non-stress point,Middle: 5-8 game,Ending shot. Return,Ending shot. Topspin/Flat,Center,Ending shot. Neutral Aggressive,Ending shot. Short,Leo Rocca,1st serve,Deuce court (T),Return. Forehand,Brandon Vu,Return. Topspin/Flat,Center,Return. Neutral aggressive,Return. Short,,,,,,Not a Cheap point,
4605,12,Set 2; 2:5; *0:0,5623,Brandon Vu,Leo Rocca,Unforced Error,Unforced Error,5-8 shots,6,Non-stress point,Middle: 5-8 game,Ending shot. Forehand,Ending shot. Topspin/Flat,Down the line,Ending shot. Neutral Defensive,Ending shot. Deep,Brandon Vu,1st serve,Deuce court (Wide),Return. Backhand,Leo Rocca,Return. Topspin/Flat,Center,Return. Neutral aggressive,Return. Deep,Serve + 1 shot. Backhand,Serve + 1 shot. Slice,Center,Serve + 1 shot. Neutral Aggressive,Serve + 1 shot. Deep,Not a Cheap point,
4641,5,Set 2; 2:5; *15:0,5626,Leo Rocca,Brandon Vu,Unforced Error,Unforced Error,1-2 shots,1,Non-stress point,Middle: 5-8 game,Ending shot. Serve,,,,,Brandon Vu,2nd serve,Ad court (Body),,Leo Rocca,,,,,,,,,,Not a Cheap point,
4665,11,Set 2; 2:5; *15:15,5631,Brandon Vu,Leo Rocca,Winner/Provoked Point,Provoked Point,5-8 shots,6,Non-stress point,Middle: 5-8 game,Ending shot. Forehand,Ending shot. Volley,,Ending shot. Net Area,Ending shot. Short,Brandon Vu,1st serve,Deuce court (Wide),Return. Backhand,Leo Rocca,Return. Topspin/Flat,Cross,Return. Neutral aggressive,Return. Short,Serve + 1 shot. Backhand,Serve + 1 shot. Approach Shot,Cross,Serve + 1 shot. Half court zone,Serve + 1 shot. Middle,Cheap Point on serve,
4704,8,Set 2; 2:5; *30:15,5639,Brandon Vu,Leo Rocca,Winner/Provoked Point,Winner,5-8 shots,5,Non-stress point,Middle: 5-8 game,Ending shot. Forehand,Ending shot. Volley,,Ending shot. Net Area,Ending shot. Short,Brandon Vu,2nd serve,Ad court (Wide),Return. Forehand,Leo Rocca,Return. Passing Shot,Cross,Return. Half court zone,Return. Middle,Serve + 1 shot. Forehand,Serve + 1 shot. Volley,,Serve + 1 shot. Half court zone,Serve + 1 shot. Short,Cheap Point on serve,
4724,8,Set 2; 2:5; *40:15,5644,Brandon Vu,Leo Rocca,Unforced Error,Unforced Error,3-4 shots,4,Non-stress point,Middle: 5-8 game,Ending shot. Forehand,Ending shot. Topspin/Flat,Cross,Ending shot. Neutral Aggressive,Ending shot. Deep,Brandon Vu,1st serve,Deuce court (Wide),Return. Backhand,Leo Rocca,Return. Topspin/Flat,Down the line,Return. Half court zone,Return. Deep,Serve + 1 shot. Forehand,Serve + 1 shot. Topspin/Flat,Inside out,Serve + 1 shot. Neutral Aggressive,Serve + 1 shot. Short,Not a Cheap point,
4761,8,Set 2; 3:5; 0:0*,5649,Leo Rocca,Brandon Vu,Unforced Error,Unforced Error,3-4 shots,4,Non-stress point,Middle: 5-8 game,Ending shot. Forehand,Ending shot. Topspin/Flat,Inside in,Ending shot. Neutral Aggressive,Ending shot. Deep,Leo Rocca,1st serve,Deuce court (T),Return. Forehand,Brandon Vu,Return. Topspin/Flat,Cross,Return. Neutral aggressive,Return. Middle,Serve + 1 shot. Backhand,Serve + 1 shot. Topspin/Flat,Down the line,Serve + 1 shot. Neutral Aggressive,Serve + 1 shot. Deep,Not a Cheap point,
4788,8,Set 2; 3:5; 0:15*,5653,Leo Rocca,Brandon Vu,Winner/Provoked Point,Winner,3-4 shots,3,Non-stress point,Middle: 5-8 game,Ending shot. Forehand,Ending shot. Approach Shot,Down the line,Ending shot. Net Area,Ending shot. Middle,Leo Rocca,1st serve,Ad court (Body),Return. Forehand,Brandon Vu,Return. Topspin/Flat,Center,Return. Neutral aggressive,Return. Short,Serve + 1 shot. Forehand,Serve + 1 shot. Approach Shot,Down the line,Serve + 1 shot. Net Area,Serve + 1 shot. Middle,Cheap Point on serve,
4818,7,Set 2; 3:5; 0:30*,5657,Leo Rocca,Brandon Vu,Winner/Provoked Point,Winner,3-4 shots,3,Non-stress point,Middle: 5-8 game,Ending shot. Forehand,Ending shot. Approach Shot,Inside in,Ending shot. Half court zone,Ending shot. Middle,Leo Rocca,1st serve,Deuce court (T),Return. Forehand,Brandon Vu,Return. Topspin/Flat,Center,Return. Neutral aggressive,Return. Short,Serve + 1 shot. Forehand,Serve + 1 shot. Approach Shot,Inside in,Serve + 1 shot. Half court zone,Serve + 1 shot. Middle,Cheap Point on serve,
4843,5,Set 2; 3:5; 0:40*,5659,Leo Rocca,Brandon Vu,Winner/Provoked Point,Winner,1-2 shots,1,Non-stress point,Middle: 5-8 game,Ending shot. Serve,,,,,Leo Rocca,1st serve,Ad court (T),,Brandon Vu,,,,,,,,,,Ace/Serve-winner,
4960,6,Set 3; *0:0,5663,Brandon Vu,Leo Rocca,Unforced Error,Unforced Error,1-2 shots,2,Non-stress point,Beginning: 1-4 game,Ending shot. Return,Ending shot. Topspin/Flat,Center,Ending shot. Neutral Aggressive,Ending shot. Short,Brandon Vu,1st serve,Deuce court (Wide),Return. Backhand,Leo Rocca,Return. Topspin/Flat,Center,Return. Neutral aggressive,Return. Short,,,,,,Not a Cheap point,
4988,14,Set 3; 1:0*,5671,Brandon Vu,Leo Rocca,Winner/Provoked Point,Winner,5-8 shots,8,Non-stress point,Beginning: 1-4 game,Ending shot. Forehand,Ending shot. Passing Shot,Inside in,Ending shot. Neutral Defensive,Ending shot. Short,Leo Rocca,1st serve,Ad court (Body),Return. Backhand,Brandon Vu,Return. Slice,Down the line,Return. Neutral aggressive,Return. Middle,Serve + 1 shot. Backhand,Serve + 1 shot. Approach Shot,Down the line,Serve + 1 shot. Half court zone,Serve + 1 shot. Deep,Not a Cheap point,
5034,15,Set 3; 2:0*,5680,Leo Rocca,Brandon Vu,Winner/Provoked Point,Provoked Point,5-8 shots,8,15:30 and 0:30,Beginning: 1-4 game,Ending shot. Forehand,Ending shot. Approach Shot,Inside in,Ending shot. Half court zone,Ending shot. Middle,Leo Rocca,2nd serve,Deuce court (Wide),Return. Backhand,Brandon Vu,Return. Topspin/Flat,Center,Return. Half court zone,Return. Short,Serve + 1 shot. Backhand,Serve + 1 shot. Topspin/Flat,Cross,Serve + 1 shot. Neutral Aggressive,Serve + 1 shot. Middle,Not a Cheap point,
5082,5,Set 3; *2:1,5684,Leo Rocca,Brandon Vu,Unforced Error,Unforced Error,1-2 shots,1,Non-stress point,Beginning: 1-4 game,Ending shot. Serve,,,,,Brandon Vu,2nd serve,Ad court (T),,Leo Rocca,,,,,,,,,,Not a Cheap point,
5104,9,Set 3; *2:2,5689,Brandon Vu,Leo Rocca,Winner/Provoked Point,Winner,5-8 shots,5,30:30 and 40:40,Beginning: 1-4 game,Ending shot. Forehand,Ending shot. Volley,,Ending shot. Net Area,Ending shot. Short,Brandon Vu,1st serve,Deuce court (T),Return. Forehand,Leo Rocca,Return. Topspin/Flat,Center,Return. Neutral aggressive,Return. Short,Serve + 1 shot. Backhand,Serve + 1 shot. Volley,,Serve + 1 shot. Net Area,Serve + 1 shot. Middle,Cheap Point on serve,
5155,10,Set 3; 3:2*,5695,Brandon Vu,Leo Rocca,Winner/Provoked Point,Provoked Point,5-8 shots,5,Break Point,Beginning: 1-4 game,Ending shot. Backhand,Ending shot. Lob,,Ending shot. Neutral Defensive,Ending shot. Middle,Leo Rocca,2nd serve,Ad court (T),Return. Backhand,Brandon Vu,Return. Topspin/Flat,Center,Return. Neutral aggressive,Return. Deep,Serve + 1 shot. Forehand,Serve + 1 shot. Approach Shot,Down the line,Serve + 1 shot. Neutral Aggressive,Serve + 1 shot. Short,Cheap Point on return,
5223,6,Set 3; 4:2*,5699,Leo Rocca,Brandon Vu,Unforced Error,Unforced Error,1-2 shots,2,Non-stress point,Beginning: 1-4 game,Ending shot. Return,Ending shot. Topspin/Flat,Center,Ending shot. Neutral Aggressive,Ending shot. Deep,Leo Rocca,1st serve,Deuce court (Body),Return. Forehand,Brandon Vu,Return. Topspin/Flat,Center,Return. Neutral basic,Return. Deep,,,,,,Not a Cheap point,
5246,19,Set 3; *4:3,5710,Brandon Vu,Leo Rocca,Winner/Provoked Point,Winner,9+ shots,11,Non-stress point,Beginning: 1-4 game,Ending shot. Backhand,Ending shot. Passing Shot,Down the line,Ending shot. Half court zone,Ending shot. Deep,Brandon Vu,1st serve,Ad court (Body),Return. Backhand,Leo Rocca,Return. Topspin/Flat,Center,Return. Neutral aggressive,Return. Deep,Serve + 1 shot. Forehand,Serve + 1 shot. Topspin/Flat,Cross,Serve + 1 shot. Neutral Aggressive,Serve + 1 shot. Middle,Not a Cheap point,
5284,17,Set 3; *5:3,5721,Brandon Vu,Leo Rocca,Unforced Error,Unforced Error,9+ shots,10,Non-stress point,Beginning: 1-4 game,Ending shot. Forehand,Ending shot. Volley,,Ending shot. Net Area,Ending shot. Middle,Brandon Vu,1st serve,Deuce court (Body),Return. Backhand,Leo Rocca,Return. Topspin/Flat,Center,Return. Neutral aggressive,Return. Deep,Serve + 1 shot. Forehand,Serve + 1 shot. Topspin/Flat,Center,Serve + 1 shot. Neutral Aggressive,Serve + 1 shot. Middle,Not a Cheap point,
5328,11,Set 3; 6:3*,5727,Brandon Vu,Leo Rocca,Unforced Error,Unforced Error,5-8 shots,5,Non-stress point,Beginning: 1-4 game,Ending shot. Forehand,Ending shot. Topspin/Flat,Center,Ending shot. Neutral Defensive,Ending shot. Deep,Leo Rocca,1st serve,Ad court (Body),Return. Forehand,Brandon Vu,Return. Topspin/Flat,Center,Return. Neutral basic,Return. Middle,Serve + 1 shot. Forehand,Serve + 1 shot. Topspin/Flat,Cross,Serve + 1 shot. Neutral Aggressive,Serve + 1 shot. Deep,Not a Cheap point,
5366,17,Set 3; 7:3*,5738,Leo Rocca,Brandon Vu,Unforced Error,Unforced Error,9+ shots,10,Non-stress point,Beginning: 1-4 game,Ending shot. Backhand,Ending shot. Volley,,Ending shot. Net Area,Ending shot. Deep,Leo Rocca,1st serve,Deuce court (T),Return. Forehand,Brandon Vu,Return. Topspin/Flat,Cross,Return. Neutral aggressive,Return. Middle,Serve + 1 shot. Forehand,Serve + 1 shot. Topspin/Flat,Inside in,Serve + 1 shot. Neutral Aggressive,Serve + 1 shot. Deep,Not a Cheap point,
5418,5,Set 3; *7:4,5742,Leo Rocca,Brandon Vu,Winner/Provoked Point,Winner,1-2 shots,2,Non-stress point,Beginning: 1-4 game,Ending shot. Return,Ending shot. Passing Shot,Cross,Ending shot. Neutral Aggressive,Ending shot. Deep,Brandon Vu,2nd serve,Ad court (Body),Return. Forehand,Leo Rocca,Return. Passing Shot,Cross,Return. Neutral aggressive,Return. Deep,,,,,,Cheap Point on return,
5488,6,Set 3; *7:5,5743,Brandon Vu,Leo Rocca,Winner/Provoked Point,Provoked Point,1-2 shots,2,Non-stress point,Beginning: 1-4 game,Ending shot. Serve,,,,,Brandon Vu,1st serve,Deuce court (T),Return. Forehand,Leo Rocca,Return. Topspin/Flat,Center,Return. Neutral aggressive,Return. Short,,,,,,Cheap Point on serve,
5515,5,Set 3; 8:5*,5745,Leo Rocca,Brandon Vu,Winner/Provoked Point,Provoked Point,1-2 shots,2,Non-stress point,Beginning: 1-4 game,Ending shot. Serve,,,,,Leo Rocca,1st serve,Ad court (T),Return. Backhand,Brandon Vu,Return. Topspin/Flat,Cross,Return. Neutral basic,Return. Deep,,,,,,Cheap Point on serve,
5547,5,Set 3; 8:6*,5748,Leo Rocca,Brandon Vu,Winner/Provoked Point,Winner,1-2 shots,1,Non-stress point,Beginning: 1-4 game,Ending shot. Serve,,,,,Leo Rocca,2nd serve,Deuce court (Wide),,Brandon Vu,,,,,,,,,,Ace/Serve-winner,
5574,5,Set 3; *8:7,5749,Brandon Vu,Leo Rocca,Winner/Provoked Point,Provoked Point,1-2 shots,2,Non-stress point,Beginning: 1-4 game,Ending shot. Serve,,,,,Brandon Vu,1st serve,Ad court (Wide),Return. Forehand,Leo Rocca,Return. Topspin/Flat,Down the line,Return. Neutral aggressive,Return. Short,,,,,,Cheap Point on serve,
5598,12,Set 3; *9:7,5756,Brandon Vu,Leo Rocca,Unforced Error,Unforced Error,5-8 shots,6,Non-stress point,Beginning: 1-4 game,Ending shot. Forehand,Ending shot. Topspin/Flat,Inside out,Ending shot. Neutral Aggressive,Ending shot. Deep,Brandon Vu,1st serve,Deuce court (T),Return. Forehand,Leo Rocca,Return. Topspin/Flat,Down the line,Return. Neutral aggressive,Return. Middle,Serve + 1 shot. Forehand,Serve + 1 shot. Topspin/Flat,Inside in,Serve + 1 shot. Neutral Defensive,Serve + 1 shot. Deep,Not a Cheap point,